{"cameraMode":{"drawMode":0,"name":"Shaded","section":"Shading Mode"},"sceneLighting":false,"audioPlay":false,"sceneViewState":{"showFog":true,"showMaterialUpdate":false,"showSkybox":true,"showFlares":true,"showImageEffects":true,"showParticleSystems":true},"in2DMode":false,"pivot":{"x":0.0,"y":-0.05000000074505806,"z":-0.059999994933605197},"rotation":{"x":-0.016265995800495149,"y":0.9829385280609131,"z":-0.10806384682655335,"w":-0.1479513794183731},"size":0.07002779096364975,"orthographic":true}