{"cameraMode":{"drawMode":0,"name":"Shaded","section":"Shading Mode"},"sceneLighting":true,"audioPlay":false,"sceneViewState":{"showFog":true,"showMaterialUpdate":false,"showSkybox":true,"showFlares":true,"showImageEffects":true,"showParticleSystems":true},"in2DMode":false,"pivot":{"x":-0.044166747480630878,"y":-0.05000003054738045,"z":-0.07329537719488144},"rotation":{"x":-0.016265995800495149,"y":0.9829385280609131,"z":-0.10806384682655335,"w":-0.1479513794183731},"size":0.11121192574501038,"orthographic":true}